City_ID,City,Lat,Lng,Max Temp,Humidity,Cloudiness,Wind Speed,Country,Date
0,kuanda,56.3161,116.0806,12.81,85,88,1.59,RU,1729019147
1,port elizabeth,-33.918,25.5701,61.32,72,40,19.57,ZA,1729019148
2,la passe,45.5549,-0.8967,68.02,79,93,8.68,FR,1729019149
3,hermanus,-34.4187,19.2345,60.8,72,0,21.27,ZA,1729019151
4,mathba,22.2855,89.9629,76.41,83,10,1.74,BD,1729019152
5,price,39.5994,-110.8107,70.0,30,0,7.16,US,1729019153
6,waitangi,-43.9535,-176.5597,44.82,85,100,3.0,NZ,1729019154
7,edinburgh of the seven seas,-37.0676,-12.3116,53.8,63,14,12.93,SH,1729019155
8,changji,44.0167,87.3167,52.59,62,0,2.24,CN,1729019156
9,nagqu,31.5,92.0,30.56,40,100,8.55,CN,1729019157
10,middelburg,-25.7751,29.4648,52.93,76,100,15.19,ZA,1729019158
11,tiksi,71.6872,128.8694,3.94,97,66,8.93,RU,1729019159
12,port douglas,-16.4833,145.4667,74.52,86,75,9.53,AU,1729019161
13,adamstown,-25.066,-130.1015,70.16,85,100,15.75,PN,1729019162
14,bangassou,4.7413,22.8184,69.66,99,100,2.37,CF,1729019163
15,oxapampa,-10.5775,-75.4017,70.25,64,98,4.5,PE,1729019164
16,tazacorte,28.629,-17.9293,74.16,99,75,9.22,ES,1729019165
17,ilulissat,69.2167,-51.1,26.62,80,75,21.85,GL,1729019166
18,port mathurin,-19.6833,63.4167,73.54,73,77,16.15,MU,1729019167
19,laguna,38.421,-121.4238,77.95,59,0,3.44,US,1729019168
20,karratha,-20.7377,116.8463,77.58,30,19,14.67,AU,1729019169
21,carnarvon,-24.8667,113.6333,67.95,67,0,13.06,AU,1729019170
22,kimbe,-5.5502,150.1429,75.49,92,100,4.47,PG,1729019171
23,kalawit,8.0667,122.5167,77.79,87,18,1.07,PH,1729019173
24,ushtobe,45.2514,77.9838,47.52,87,100,10.65,KZ,1729019175
25,saipan,15.1355,145.701,81.3,83,0,3.44,MP,1729019176
26,qusmuryn,52.4503,64.6311,32.32,65,15,6.67,KZ,1729019177
27,antofagasta,-23.65,-70.4,63.68,73,1,7.52,CL,1729019178
28,puerto natales,-51.7236,-72.4875,54.05,50,75,31.07,CL,1729019179
29,invercargill,-46.4,168.35,41.02,91,21,4.41,NZ,1729019180
30,hadibu,12.65,54.0333,79.79,80,95,6.49,YE,1729019182
31,saint-pierre,-21.3393,55.4781,73.08,83,0,8.05,RE,1729018977
32,utrik,11.2278,169.8474,83.44,81,97,17.72,MH,1729019184
33,bethel,41.3712,-73.414,56.93,51,40,6.91,US,1729019187
34,weining,26.85,104.2333,52.68,90,99,2.64,CN,1729019188
35,tocopilla,-22.092,-70.1979,68.7,65,0,7.27,CL,1729019189
36,sao jose da coroa grande,-8.8978,-35.1478,79.09,71,100,10.07,BR,1729019190
37,iguape,-24.7081,-47.5553,72.34,75,97,12.08,BR,1729019191
38,grytviken,-54.2811,-36.5092,37.08,86,51,10.92,GS,1729019192
39,bulle,46.6195,7.0567,56.53,65,99,4.72,CH,1729019193
40,prenzlau,53.3167,13.8667,43.41,74,0,5.5,DE,1729019194
41,lerwick,60.1545,-1.1494,51.48,86,100,30.11,GB,1729019196
42,port-aux-francais,-49.35,70.2167,34.52,70,28,39.82,TF,1729019197
43,callao,-12.0667,-77.15,66.49,77,100,6.91,PE,1729019148
44,hamilton,39.1834,-84.5333,52.61,63,64,5.01,US,1729018970
45,posto fiscal rolim de moura,-13.0833,-62.2667,102.52,24,98,5.14,BR,1729019200
46,neya,58.2972,43.8681,39.88,90,100,10.04,RU,1729019201
47,crane,31.3974,-102.3501,87.04,15,0,3.83,US,1729019202
48,puerto ayora,-0.7393,-90.3518,71.55,91,32,7.0,EC,1729019203
49,colonia,50.9333,6.95,54.97,85,100,8.05,DE,1729018940
50,beypazari,40.1675,31.9211,59.38,39,11,3.53,TR,1729019205
51,college,64.8569,-147.8028,31.98,82,75,0.0,US,1729019206
52,olonkinbyen,70.9221,-8.7187,29.43,73,57,10.22,SJ,1729019207
53,wailua homesteads,22.0669,-159.378,81.39,85,20,16.11,US,1729019209
54,briviesca,42.5499,-3.3232,60.08,82,68,7.96,ES,1729019210
55,roma,43.2128,-75.4557,48.34,70,20,12.66,US,1729018938
56,jamestown,42.097,-79.2353,44.24,61,75,10.36,US,1729019212
57,vernon,50.2581,-119.2691,62.17,58,100,1.34,CA,1729019213
58,reggane,26.7158,0.1714,92.75,20,100,8.59,DZ,1729019214
59,zhangatas,43.5667,69.75,36.88,66,4,5.19,KZ,1729019215
60,isafjordur,66.0755,-23.124,34.54,93,100,4.34,IS,1729019216
61,cidreira,-30.1811,-50.2056,64.53,93,100,9.89,BR,1729019217
62,matthew town,20.95,-73.6667,85.98,67,61,5.06,BS,1729019218
63,kodiak,57.79,-152.4072,45.91,71,100,11.5,US,1729019219
64,badger,64.8,-147.5333,31.91,88,75,0.0,US,1729019221
65,san antonio de pale,-1.4014,5.6325,78.46,77,5,10.89,GQ,1729019222
66,west island,-12.1568,96.8225,80.58,89,20,10.36,CC,1729019223
67,thones,45.8812,6.3257,56.91,88,0,3.44,FR,1729019224
68,lihue,21.9789,-159.3672,81.99,74,20,16.11,US,1729019225
69,juigne,47.7188,-0.3941,66.38,94,0,8.05,FR,1729019226
70,papatowai,-46.5619,169.4708,43.14,74,60,5.23,NZ,1729019227
71,mauganj,24.6833,81.8833,77.0,51,100,1.57,IN,1729019228
72,georgetown,5.4112,100.3354,78.73,87,40,2.3,MY,1729018984
73,mitu,1.1983,-70.1733,90.03,53,99,0.58,CO,1729019230
74,avarua,-21.2078,-159.775,73.45,64,40,5.75,CK,1729019231
75,hohhot,40.8106,111.6522,52.11,65,100,2.71,CN,1729019232
76,east london,-33.0153,27.9116,60.6,54,89,12.26,ZA,1729019233
77,afaahiti,-17.75,-149.2833,73.35,76,58,5.39,PF,1729019235
78,tegueste,28.5167,-16.3167,72.66,93,75,12.66,ES,1729019236
79,thompson,55.7435,-97.8558,45.39,50,100,13.18,CA,1729019237
80,hawaiian paradise park,19.5933,-154.9731,80.87,80,100,4.61,US,1729019238
81,vorgashor,67.5833,63.95,23.32,92,100,9.64,RU,1729019239
82,ende,-8.8432,121.6623,74.73,90,100,1.9,ID,1729019240
83,ushuaia,-54.8,-68.3,56.86,26,0,25.32,AR,1729018992
84,lompoc,34.6391,-120.4579,64.81,94,100,4.61,US,1729019242
85,berezovyy,51.6667,135.7,28.63,66,0,6.29,RU,1729019243
86,bredasdorp,-34.5322,20.0403,57.31,72,0,20.09,ZA,1729019244
87,blackmans bay,-43.0167,147.3167,44.73,79,100,13.04,AU,1729019245
88,new norfolk,-42.7826,147.0587,45.72,96,100,2.98,AU,1729019246
89,puerto colombia,10.9878,-74.9547,82.49,77,100,4.47,CO,1729019247
90,lastrup,52.7833,7.85,50.05,80,100,14.97,DE,1729019248
91,bilibino,68.0546,166.4372,6.67,100,100,3.11,RU,1729019249
92,tympaki,35.0729,24.7685,68.11,66,5,3.0,GR,1729019250
93,sandpoint,48.2766,-116.5533,63.05,55,0,0.0,US,1729019251
94,puerto armuelles,8.2833,-82.8667,84.09,71,100,5.01,PA,1729019087
95,la manga del mar menor,37.6413,-0.7165,72.25,78,0,4.61,ES,1729019254
96,san andres,12.5847,-81.7006,80.62,89,20,16.11,CO,1729019255
97,kil,59.5072,13.314,33.69,93,22,3.44,SE,1729019256
98,susuman,62.7833,148.1667,21.47,96,100,4.34,RU,1729019257
99,bambous,-20.2567,57.4061,68.13,95,53,10.25,MU,1729019259
100,ribeira grande,38.5167,-28.7,68.4,64,40,14.97,PT,1729019260
101,dunedin,-45.8742,170.5036,46.8,71,9,5.01,NZ,1729019261
102,torrington,41.8007,-73.1212,55.02,56,91,4.0,US,1729019262
103,albany,42.6001,-73.9662,52.21,63,92,4.0,US,1729019123
104,jalpan,21.2333,-99.4833,78.53,45,0,5.77,MX,1729019264
105,chagny,46.9095,4.7519,60.1,95,96,3.74,FR,1729019265
106,luderitz,-26.6481,15.1594,57.87,90,1,2.37,NA,1729019266
107,nemuro,43.3236,145.575,61.95,93,100,26.69,JP,1729019267
108,mar del plata,-38.0023,-57.5575,66.52,82,74,4.0,AR,1729019268
109,nha trang,12.25,109.1833,78.8,92,100,4.09,VN,1729019270
110,margaret river,-33.95,115.0667,52.99,80,100,8.28,AU,1729019271
111,ebon,4.582,168.6964,83.97,78,100,15.39,MH,1729019272
112,elverum,60.8819,11.5623,34.7,94,56,2.51,NO,1729019273
113,nova sintra,14.8667,-24.7167,80.65,75,25,9.55,CV,1729019274
114,saacow,1.6279,42.4407,79.66,72,10,15.32,SO,1729019275
115,arraial do cabo,-22.9661,-42.0278,75.06,64,0,17.27,BR,1729019276
116,grants,35.1473,-107.8514,75.43,22,40,11.5,US,1729019277
117,katsuren-haebaru,26.3369,127.8719,78.82,96,15,4.09,JP,1729019022
118,chateau-d'olonne,46.5038,-1.741,67.05,85,100,11.63,FR,1729019279
119,peace river,56.2501,-117.286,55.38,34,0,9.24,CA,1729019280
120,trairi,-3.2778,-39.2689,81.55,63,54,14.61,BR,1729019171
121,newnham,-41.3833,147.1333,41.95,87,75,1.14,AU,1729019282
122,saldanha,-33.0117,17.9442,60.4,74,0,12.3,ZA,1729019283
123,usogorsk,63.4106,48.6872,39.22,72,100,10.27,RU,1729019284
124,manismata,-2.4667,111.0333,76.14,88,100,2.42,ID,1729019285
125,qaqortoq,60.7167,-46.0333,34.05,86,11,2.33,GL,1729019286
126,masterton,-40.9597,175.6575,44.02,71,20,4.72,NZ,1729019287
127,constantia,44.1833,28.65,56.08,77,5,12.12,RO,1729019289
128,deder,9.3167,41.45,60.94,56,100,5.73,ET,1729019290
129,tura,25.5198,90.2201,69.28,96,0,2.75,IN,1729019291
130,pedernales,18.0384,-71.744,87.04,63,79,1.88,DO,1729019292
131,kuusamo,65.9667,29.1833,32.04,93,0,10.36,FI,1729019294
132,yellowknife,62.456,-114.3525,43.41,98,100,4.61,CA,1729019012
133,namibe,-15.1961,12.1522,70.68,85,86,7.96,AO,1729019297
134,mazabuka,-15.856,27.748,74.26,51,60,6.76,ZM,1729019298
135,labytnangi,66.6572,66.4183,27.16,98,76,0.74,RU,1729019300
136,shache,38.4167,77.2406,61.65,27,97,7.29,CN,1729019301
137,kerema,-7.9631,145.7785,76.68,89,95,3.06,PG,1729019303
138,san luis de la loma,17.2706,-100.8939,84.24,77,40,6.64,MX,1729019304
139,gidole,5.65,37.3667,58.86,78,100,1.39,ET,1729019305
140,taksimo,56.3444,114.8794,15.91,86,87,1.66,RU,1729019306
141,jumla,29.2747,82.1838,45.73,76,1,4.43,NP,1729019307
142,filadelfia,39.9523,-75.1638,59.99,39,75,11.5,US,1729019295
143,dalandzadgad,43.5708,104.425,48.11,47,7,13.42,MN,1729019292
144,santiago del torno,-17.9833,-63.3833,92.16,25,12,12.84,BO,1729019299
145,ola,59.5833,151.2833,40.59,97,100,7.58,RU,1729019312
146,shiyan,32.6475,110.7781,62.56,69,41,2.04,CN,1729019135
147,weno,7.4515,151.8468,83.46,77,98,8.48,FM,1729019315
148,shimoda,34.6667,138.95,70.54,80,91,5.88,JP,1729019316
149,iqaluit,63.7506,-68.5145,34.7,80,100,11.99,CA,1729019317
150,selfoss,63.9331,-20.9971,40.1,88,100,12.41,IS,1729019318
151,suozhen,36.9539,118.1047,57.79,72,0,7.36,CN,1729019319
152,pathein,16.7833,94.7333,77.7,89,75,3.91,MM,1729019320
153,wajir,1.7471,40.0573,90.12,37,83,13.65,KE,1729019321
154,praia da vitoria,38.7333,-27.0667,65.52,69,61,21.63,PT,1729019323
155,severo-yeniseyskiy,60.3725,93.0408,27.77,97,100,11.12,RU,1729019324
156,belgrade,44.804,20.4651,56.86,74,0,11.5,RS,1729019326
157,adrar,20.5022,-10.0711,95.43,18,100,5.19,MR,1729019327
158,kavaratti,10.5669,72.642,80.64,82,99,9.75,IN,1729019328
159,anadyr,64.75,177.4833,28.9,92,40,2.24,RU,1729019329
160,biograd na moru,43.9433,15.4519,59.7,82,100,8.28,HR,1729019183
161,noumea,-22.2763,166.4572,69.04,76,100,9.75,NC,1729019331
162,atafu village,-8.5421,-172.5159,82.8,75,7,9.19,TK,1729019332
163,punta arenas,-53.15,-70.9167,53.71,50,20,35.68,CL,1729019334
164,suwayr,30.1171,40.3893,82.2,20,0,7.7,SA,1729019335
165,ilomantsi,62.6716,30.9328,37.58,80,30,9.04,FI,1729019336
166,cambria,35.5641,-121.0808,71.13,64,0,7.63,US,1729019337
167,nedelino,41.45,25.0833,56.84,61,6,4.5,BG,1729019338
168,dosso,13.049,3.1937,85.89,51,55,9.42,NE,1729019339
169,kiunga,-6.1219,141.2906,72.57,99,100,2.24,PG,1729019340
170,qa'en,33.7265,59.1844,66.11,33,100,5.35,IR,1729019341
171,nguigmi,14.2495,13.1092,88.66,35,100,5.99,NE,1729019342
172,san adrian,42.3465,-1.9226,65.98,72,80,11.56,ES,1729019343
173,conception bay south,47.4999,-52.9981,64.92,95,100,23.85,CA,1729019344
174,antequera,37.0194,-4.5612,66.18,77,100,9.42,ES,1729019249
175,udachny,66.4167,112.4,8.94,95,100,20.11,RU,1729019330
176,novaya igirma,57.1334,103.9112,25.3,90,99,10.31,RU,1729019347
177,ayaviri,-14.8864,-70.5889,65.53,20,99,10.16,PE,1729019349
178,thinadhoo,0.5333,72.9333,82.53,76,75,10.74,MV,1729019350
179,saudarkrokur,65.7461,-19.6394,34.11,83,100,2.24,IS,1729019351
180,international falls,48.6011,-93.411,47.03,64,0,4.61,US,1729019352
181,kingston,17.997,-76.7936,88.75,74,20,9.22,JM,1729019099
182,nar'yan-mar,67.6713,53.087,32.72,82,100,13.8,RU,1729019354
183,egersund,58.4513,5.9997,47.25,80,12,11.36,NO,1729019355
184,kill devil hills,36.0307,-75.676,64.98,44,0,8.05,US,1729019356
185,stanley,54.868,-1.6985,52.29,91,75,5.75,GB,1729019065
186,huambo,-12.7761,15.7392,68.9,40,28,4.16,AO,1729019358
187,aykhal,66.0,111.5,1.85,97,100,12.5,RU,1729019359
188,camamu,-13.9447,-39.1039,72.63,95,100,9.15,BR,1729019360
189,itoman,26.1247,127.6694,79.57,96,75,3.44,JP,1729019361
190,aljustrel,37.8776,-8.1652,68.7,90,95,15.95,PT,1729019362
191,kavieng,-2.5744,150.7967,81.09,80,100,13.87,PG,1729019363
192,port augusta,-32.5,137.7667,67.77,60,100,5.19,AU,1729019364
193,marsh harbour,26.5412,-77.0636,80.51,54,100,5.68,BS,1729019365
194,pingliang,35.5392,106.6861,53.44,91,100,4.05,CN,1729019368
195,tazovsky,67.4667,78.7,13.44,75,47,11.36,RU,1729019369
196,talnakh,69.4865,88.3972,-1.23,88,7,4.54,RU,1729019370
197,kayangel,8.0823,134.7173,81.79,75,99,1.5,PW,1729019371
198,aasiaat,68.7098,-52.8699,25.21,91,86,8.52,GL,1729019372
199,choele choel,-39.2667,-65.6833,77.16,12,100,0.67,AR,1729019373
200,puerto baquerizo moreno,-0.9,-89.6,76.19,88,40,20.71,EC,1729019374
201,mufumbwe,-13.6833,24.8,67.6,66,74,3.49,ZM,1729019375
202,saint-philippe,-21.3585,55.7679,72.75,86,40,8.34,RE,1729019376
203,rongelap,11.1635,166.8941,83.59,79,74,18.68,MH,1729019377
204,carutapera,-1.195,-46.02,84.33,62,83,10.38,BR,1729019378
205,mili,6.0815,171.735,84.51,77,100,16.53,MH,1729019379
206,haapajarvi,63.75,25.3333,35.06,94,0,6.02,FI,1729019380
207,anse royale,-4.7333,55.5167,79.03,86,100,12.5,SC,1729019381
208,palpa,-14.5336,-75.1856,87.62,30,15,14.92,PE,1729019382
209,hotan,37.0997,79.9269,63.21,22,2,7.14,CN,1729019383
210,machali,-34.1833,-70.6667,74.48,38,75,2.3,CL,1729019384
211,arraias,-12.9288,-46.9437,83.21,44,100,3.8,BR,1729019386
212,homer,59.6425,-151.5483,44.49,88,100,0.0,US,1729019387
213,enewetak,11.3474,162.3373,83.82,80,100,20.04,MH,1729019388
214,cherkessk,44.2233,42.0578,54.14,89,100,4.54,RU,1729019389
215,minas de marcona,-15.2119,-75.1103,68.07,53,19,11.63,PE,1729019390
216,valentin gomez farias,28.2167,-106.5833,79.81,21,4,4.85,MX,1729019391
217,sinabang,2.4803,96.3801,81.03,78,100,9.42,ID,1729019392
218,longyearbyen,78.2186,15.6401,37.24,75,40,8.05,SJ,1729019393
219,gubkinskiy,64.434,76.5026,30.65,95,93,7.83,RU,1729019394
220,smithers,54.7804,-127.1743,46.69,70,16,3.74,CA,1729019395
221,miri,4.4148,114.0089,77.09,94,100,1.68,MY,1729019396
222,pauini,-7.7136,-66.9764,93.18,41,99,2.46,BR,1729019397
223,bingol,38.8847,40.4939,61.9,66,97,2.08,TR,1729019398
224,merced,37.1666,-120.7516,80.83,53,0,6.02,US,1729019399
225,mata-utu,-13.2816,-176.1745,80.73,81,20,17.92,WF,1729019400
226,yamada,39.4667,141.95,64.56,92,100,7.38,JP,1729019402
227,gisborne,-38.6533,178.0042,48.45,74,72,11.83,NZ,1729019403
228,miramichi,47.0043,-65.4654,47.48,60,96,12.21,CA,1729019404
229,colonia menno,-22.3667,-59.8167,105.71,20,1,9.57,PY,1729019405
230,lamu,-2.2717,40.902,76.5,82,20,9.08,KE,1729019406
231,dongola,19.1667,30.4833,91.87,16,0,12.46,SD,1729019407
232,klyuchi,52.2667,79.1667,31.77,66,100,4.29,RU,1729019408
233,saurimo,-9.6608,20.3916,66.18,89,35,4.18,AO,1729019409
234,huarmey,-10.0681,-78.1522,69.24,74,48,9.42,PE,1729019410
235,lagoa,39.05,-27.9833,67.62,56,100,29.55,PT,1729019411
236,nekrasovka,48.3525,135.2325,30.22,51,0,22.37,RU,1729019412
237,fale old settlement,-9.3852,-171.2468,83.03,75,27,9.19,TK,1729019413
238,sitka,57.0531,-135.33,48.09,81,100,6.91,US,1729019414
239,petropavlovsk-kamchatsky,53.0452,158.6483,30.79,74,0,6.71,RU,1729019415
240,tsiombe,-25.3,45.4833,70.36,73,0,10.51,MG,1729019416
241,karyes,37.3,22.5,57.96,56,5,2.84,GR,1729019417
242,el porvenir,13.7617,-87.3458,84.6,68,71,4.61,HN,1729019418
243,tshabong,-26.05,22.45,80.24,24,100,4.61,BW,1729019420
244,dabakala,8.3667,-4.4333,74.89,91,98,3.13,CI,1729019421
245,cabo san lucas,22.8909,-109.9124,93.51,46,0,11.5,MX,1729019422
246,cadale,2.7603,46.3222,78.78,86,67,14.63,SO,1729019423
247,ugoofaaru,5.6667,73.0,82.65,77,38,14.36,MV,1729019424
248,al muwayh,22.4333,41.7583,80.8,13,0,7.74,SA,1729019425
249,namdrik,5.5994,168.1028,84.81,72,100,11.45,MH,1729019426
250,dalai,45.5,124.3,36.86,35,7,8.23,CN,1729019427
251,buala,-8.145,159.5921,79.43,83,100,1.57,SB,1729019428
252,tucuma,-0.1833,-50.05,88.14,56,98,10.83,BR,1729019429
253,banamba,13.55,-7.45,84.63,51,5,7.96,ML,1729019430
254,santa ana,33.7456,-117.8678,69.44,76,100,3.44,US,1729019431
255,walvis bay,-22.9575,14.5053,57.69,87,0,7.78,NA,1729019432
256,buxtehude,53.45,9.7,47.88,75,15,4.61,DE,1729019433
257,chernyshevskiy,63.0128,112.4714,14.95,65,100,6.8,RU,1729019434
258,nizhneangarsk,55.7833,109.55,24.87,67,100,6.55,RU,1729019435
259,scone,56.4194,-3.4051,51.55,85,100,6.2,GB,1729019436
260,kangding,30.0513,101.9603,50.23,98,98,3.6,CN,1729019438
261,salinas,36.6777,-121.6555,70.83,66,0,5.75,US,1729019439
262,cromwell,41.5951,-72.6454,57.51,48,40,10.36,US,1729019440
263,seabra,-12.4186,-41.7703,77.41,61,100,11.81,BR,1729019383
264,gaspe,48.8334,-64.4819,44.82,83,86,10.76,CA,1729019442
265,kailua-kona,19.6406,-155.9956,82.56,79,20,0.0,US,1729019443
266,cha-am,12.8,99.9667,78.96,85,100,3.71,TH,1729019353
267,whitehorse,60.7161,-135.0538,40.01,77,39,11.99,CA,1729019445
268,kirakira,-10.4544,161.9205,78.8,87,100,6.51,SB,1729019446
269,wangkui,46.8333,126.5,33.35,49,13,6.58,CN,1729019447
270,pisco,-13.7,-76.2167,68.05,77,20,9.22,PE,1729019448
271,novooleksiyivka,46.2269,34.6428,56.19,48,100,4.21,UA,1729019449
272,rabo de peixe,37.8,-25.5833,67.51,99,20,10.36,PT,1729019451
273,kotabumi,-4.8333,104.9,76.08,74,92,3.36,ID,1729019452
274,natal,-5.795,-35.2094,83.05,61,20,18.41,BR,1729019196
275,palopo,-2.9996,120.1921,75.18,91,100,1.01,ID,1729019454
276,palmer,42.1584,-72.3287,54.52,51,75,8.05,US,1729019455
277,antigonish,45.6169,-61.9986,59.18,61,33,8.01,CA,1729019456
278,alto araguaia,-17.3147,-53.2153,81.0,60,87,1.32,BR,1729019180
279,raton,36.9034,-104.4391,72.21,18,75,8.05,US,1729019458
280,east ballina,-28.8667,153.5833,62.64,78,43,4.76,AU,1729019459
281,kapuskasing,49.4169,-82.4331,39.29,93,100,20.71,CA,1729019460
282,iskateley,67.6803,53.1512,32.59,82,100,13.78,RU,1729019461
283,amalapuram,16.5833,82.0167,77.18,97,100,4.09,IN,1729019235
284,st. john's,47.5649,-52.7093,65.16,92,100,3.0,CA,1729019464
285,hithadhoo,-0.6,73.0833,82.36,76,29,8.93,MV,1729019465
286,liaocheng,36.4439,115.9647,59.32,76,0,6.51,CN,1729019466
287,colac,-38.3333,143.5833,52.63,96,2,5.68,AU,1729019177
288,khandyga,62.6667,135.6,13.19,94,100,2.17,RU,1729019468
289,port lincoln,-34.7333,135.8667,61.43,87,100,3.65,AU,1729019469
290,leones,-32.6617,-62.2968,79.23,52,3,8.57,AR,1729019470
291,kidal,18.4411,1.4078,94.8,15,44,2.62,ML,1729019471
292,douz,33.4663,9.0203,80.6,42,10,13.11,TN,1729019472
293,kamina,-8.7386,24.9906,66.34,86,57,2.98,CD,1729019473
294,cabedelo,-6.9811,-34.8339,83.07,67,100,10.49,BR,1729019474
295,yorkton,51.2167,-102.4677,55.8,33,89,20.8,CA,1729019475
296,twon-brass,4.3151,6.2418,79.23,82,45,9.31,NG,1729019476
297,acapulco de juarez,16.8634,-99.8901,85.82,74,75,9.22,MX,1729019353
298,simanggang,1.2472,111.4528,75.02,94,100,3.0,MY,1729019416
299,lucapa,-8.4192,20.7447,71.19,73,84,2.89,AO,1729019480
300,karaton,-6.3424,106.1045,72.7,91,100,2.1,ID,1729019481
301,pizarro,4.9533,-77.366,80.11,76,100,6.08,CO,1729019482
302,nanao,37.05,136.9667,67.03,98,100,5.3,JP,1729019483
303,whakatane,-37.9585,176.9854,51.51,74,76,5.99,NZ,1729019235
304,protaras,35.0125,34.0583,73.99,83,9,6.64,CY,1729019485
305,chonchi,-42.6128,-73.8092,61.12,53,100,3.22,CL,1729019486
306,iacu,-12.7672,-40.2117,78.62,63,100,8.84,BR,1729019487
307,arkhangel'sk,64.5401,40.5433,32.11,100,100,8.95,RU,1729019445
308,shalqar,47.8333,59.6,36.5,57,0,6.87,KZ,1729019489
309,sisimiut,66.9395,-53.6735,30.83,73,67,3.76,GL,1729019490
310,ciudad constitucion,25.0369,-111.6644,89.67,26,0,14.85,MX,1729019491
311,faya-largeau,17.9257,19.1043,89.15,13,0,8.79,TD,1729019493
312,birao,10.2849,22.7882,74.41,83,100,6.76,CF,1729019494
313,guozhen,34.3659,107.359,63.14,66,96,3.02,CN,1729019495
314,manokwari,-0.8667,134.0833,78.64,82,100,4.05,ID,1729019497
315,mora,11.0461,14.1401,79.56,67,100,7.52,CM,1729019498
316,g'uzor,38.6214,66.2522,49.53,77,100,3.18,UZ,1729019499
317,swakopmund,-22.6833,14.5333,56.98,81,11,3.0,NA,1729019500
318,haiku-pauwela,20.9219,-156.3051,82.42,70,40,21.0,US,1729019501
319,beboto,8.2668,16.939,69.13,97,100,3.94,TD,1729019502
320,polyarnyy,69.1989,33.4478,41.29,79,98,20.18,RU,1729019503
321,kerikeri,-35.2268,173.9474,51.91,93,100,3.83,NZ,1729019504
322,newport,51.5877,-2.9984,59.54,94,100,11.61,GB,1729019506
323,trondheim,63.4305,10.3951,41.05,93,91,5.5,NO,1729019507
324,mana,5.6592,-53.7767,85.23,63,4,10.6,GF,1729019508
325,nuuk,64.1835,-51.7216,32.61,64,20,6.91,GL,1729019509
326,hasaki,35.7333,140.8333,73.98,72,100,11.36,JP,1729019510
327,vilyuchinsk,52.9306,158.4028,32.27,81,1,1.92,RU,1729019511
328,umm kaddadah,13.6017,26.6876,93.49,20,100,9.33,SD,1729019512
329,broken hill,-31.95,141.4333,61.59,81,75,9.64,AU,1729019513
330,la'ie,21.6477,-157.9253,81.1,76,11,11.99,US,1729019514
331,bamboo flat,11.7,92.7167,80.98,81,60,0.56,IN,1729019515
332,tannum sands,-23.9504,151.3693,66.09,88,11,4.61,AU,1729019516
333,holualoa,19.6228,-155.9522,79.25,81,20,0.0,US,1729019517
334,sale,34.0389,-6.8166,68.68,100,75,13.8,MA,1729019518
335,terre haute,39.4667,-87.4139,53.87,61,40,10.36,US,1729019519
336,senador jose porfirio,-2.5908,-51.9542,88.34,49,100,6.44,BR,1729019240
337,sinjai,-5.1241,120.253,77.09,70,100,2.89,ID,1729019521
338,alice springs,-23.7,133.8833,83.75,32,10,5.75,AU,1729019522
339,uturoa,-16.7333,-151.4333,76.06,68,0,2.08,PF,1729019524
340,aripuana,-9.1667,-60.6333,91.85,44,100,3.51,BR,1729019525
341,lata,40.1629,-8.3327,67.5,47,100,9.19,PT,1729019526
342,puerto deseado,-47.7503,-65.8938,67.89,24,16,21.16,AR,1729019527
343,sao joao da barra,-21.6403,-41.0511,77.09,68,60,12.82,BR,1729019528
344,viana do castelo,41.6932,-8.8329,66.49,86,100,5.03,PT,1729019529
345,tolanaro,-25.0319,46.9987,73.47,88,40,6.91,MG,1729019530
346,codrington,-38.2667,141.9667,54.19,91,70,7.7,AU,1729019531
347,agadez,19.75,10.25,89.55,11,0,4.72,NE,1729019532
348,tres lagoas,-20.7511,-51.6783,90.39,39,100,1.7,BR,1729019270
349,dudinka,69.4058,86.1778,-2.22,94,6,8.93,RU,1729019534
350,minas de matahambre,22.5887,-83.9447,87.42,59,53,7.36,CU,1729019535
351,mandalgovi,45.7625,106.2708,34.83,95,10,19.26,MN,1729019536
352,bowen,-20.0167,148.2333,68.76,91,7,9.62,AU,1729019537
353,basoko,1.2391,23.616,73.6,90,99,6.33,CD,1729019538
354,flying fish cove,-10.4217,105.6791,76.68,83,20,10.36,CX,1729019539
355,lubang,13.8584,120.124,83.75,78,100,14.0,PH,1729019540
356,kununurra,-15.7667,128.7333,78.78,83,89,6.91,AU,1729019541
357,slave lake,55.2834,-114.769,53.19,39,100,4.88,CA,1729019372
358,novodvinsk,64.4165,40.8122,31.75,97,100,7.11,RU,1729019544
359,chahar burj,34.2448,62.1917,63.81,47,18,6.58,AF,1729019545
360,razdol'noye,45.7708,33.4878,57.43,55,100,3.11,UA,1729019546
361,sao felix do xingu,-6.6447,-51.995,98.17,28,73,3.58,BR,1729019548
362,tanjung pandan,-2.75,107.65,78.4,84,88,4.23,ID,1729019549
363,thurso,58.5927,-3.5259,53.85,83,100,19.06,GB,1729019551
364,san pedro de jujuy,-24.2313,-64.8661,102.27,24,2,5.79,AR,1729019552
365,rivera,-30.9053,-55.5508,74.3,99,100,4.32,UY,1729019382
366,zhangye,38.9342,100.4517,58.46,30,100,6.29,CN,1729019554
367,jamkhandi,16.5167,75.3,75.74,83,100,6.31,IN,1729019555
368,santo antonio do ica,-3.1022,-67.9397,93.88,40,87,3.62,BR,1729019556
369,barcelos,41.5388,-8.6151,67.93,77,100,4.07,PT,1729019557
370,caister-on-sea,52.6481,1.7265,55.9,89,100,18.34,GB,1729019558
371,lorengau,-2.0226,147.2712,76.93,93,100,7.67,PG,1729019559
372,inhambane,-23.865,35.3833,72.05,55,100,18.57,MZ,1729019561
373,tinghir,31.5157,-5.5343,66.65,53,2,10.33,MA,1729019562
374,vorkuta,67.5,64.0,23.16,90,100,7.61,RU,1729019563
375,yarmouth,41.7057,-70.2286,57.25,57,20,13.0,US,1729019564
376,harper,4.375,-7.7169,77.58,87,65,8.03,LR,1729019565
377,tommot,58.9564,126.2925,24.8,77,93,8.37,RU,1729019566
378,ust-nera,64.5667,143.2,12.9,93,100,3.87,RU,1729019568
379,daru,-9.0763,143.2092,78.62,84,100,12.33,PG,1729019569
380,tarakan,3.3,117.6333,79.57,80,76,1.95,ID,1729019570
381,moab,38.5733,-109.5498,77.49,33,0,3.27,US,1729019360
382,fort st. john,56.2499,-120.8529,51.69,43,20,13.8,CA,1729019573
383,chantonnay,46.687,-1.0502,68.32,86,99,6.42,FR,1729019574
384,sferracavallo,42.726,12.0956,66.38,92,13,2.44,IT,1729019575
385,carroll,39.5501,-77.0164,55.72,54,40,10.36,US,1729019576
386,qeshm,26.9581,56.2719,85.08,72,0,21.18,IR,1729019577
387,nadym,65.5333,72.5167,31.89,87,99,3.02,RU,1729019578
388,kassala,15.451,36.4,93.25,21,2,6.87,SD,1729019351
389,mayo-belwa,9.05,12.05,75.81,85,92,2.44,NG,1729019580
390,villa yapacani,-17.4,-63.8333,102.96,22,0,10.71,BO,1729019581
391,vilyuysk,63.7553,121.6247,18.75,97,94,5.44,RU,1729019582
392,sovetskiy,61.3614,63.5842,32.9,58,60,4.34,RU,1729019583
393,dire dawa,9.5931,41.8661,78.03,42,93,1.41,ET,1729019586
394,tangalle,6.024,80.7911,76.71,93,55,10.78,LK,1729019587
395,geraldton,-28.7667,114.6,54.01,94,20,9.22,AU,1729019588
396,bonthe,7.5264,-12.505,78.15,84,50,6.78,SL,1729019589
397,balcarce,-37.8462,-58.2552,70.83,67,4,5.01,AR,1729019590
398,fort bragg,35.139,-79.006,67.68,39,20,11.5,US,1729019591
399,prince rupert,54.3161,-130.3201,49.69,92,100,21.85,CA,1729019592
400,laojunmiao,39.8333,97.7333,50.7,31,100,1.34,CN,1729019593
401,okhotsk,59.3833,143.3,30.09,81,89,7.67,RU,1729019594
402,nzega,-2.479,29.5564,62.01,67,66,4.47,RW,1729019595
403,staryye ozinki,51.1786,49.6769,40.87,26,100,8.7,RU,1729019596
404,santiago de cao,-7.9589,-79.2392,66.33,82,20,11.5,PE,1729019597
405,xiongzhou,25.1167,114.3,69.53,97,10,2.44,CN,1729019598
406,lautoka,-17.6167,177.4667,73.26,94,100,0.0,FJ,1729019599
407,trenton,40.217,-74.7429,59.22,41,75,10.36,US,1729019538
408,horta,38.5333,-28.6333,67.64,73,40,16.11,PT,1729019603
409,lucera,41.5082,15.3351,64.49,68,0,2.3,IT,1729019604
410,margate,51.3813,1.3862,57.87,89,100,1.99,GB,1729019605
411,vadso,70.0744,29.7487,35.76,80,0,10.36,NO,1729019607
412,guerrero negro,27.9769,-114.0611,72.01,61,19,15.1,MX,1729019608
413,midvagur,62.0511,-7.1939,50.83,93,100,17.27,FO,1729019609
414,igarka,67.4667,86.5833,-5.46,98,22,8.95,RU,1729019610
415,salalah,17.0151,54.0924,80.69,89,0,4.61,OM,1729019611
416,awjilah,29.1081,21.2869,76.21,48,0,6.35,LY,1729019612
417,talara,-4.5772,-81.2719,75.96,60,0,13.8,PE,1729019613
418,atlantic city,39.3643,-74.4229,60.19,39,40,16.11,US,1729019578
419,hammerfest,70.6634,23.6821,37.85,87,75,11.5,NO,1729019615
420,cromer,52.9312,1.2989,56.68,87,100,11.99,GB,1729019616
421,verkhnyaya salda,58.0456,60.5533,27.45,83,6,4.38,RU,1729019617
422,piton saint-leu,-21.2196,55.3151,68.4,78,0,4.61,RE,1729019618
423,salekhard,66.53,66.6019,26.38,97,63,3.02,RU,1729019550
424,novyy turtkul',41.55,61.0167,39.96,67,0,7.63,UZ,1729019622
425,behshahr,36.6923,53.5526,63.5,79,0,2.46,IR,1729019623
426,guarapari,-20.6667,-40.4975,73.72,73,100,8.88,BR,1729019357
427,malapatan,5.9692,125.2894,77.43,89,33,4.81,PH,1729019625
428,atoyac,20.0167,-103.5333,81.01,47,9,4.03,MX,1729019626
429,alotau,-10.3069,150.4462,75.18,95,99,1.92,PG,1729019628
430,tongliao,43.6125,122.2653,37.27,37,2,7.36,CN,1729019629
431,severobaykal'sk,55.65,109.3167,25.18,70,100,7.7,RU,1729019630
432,baker city,44.7749,-117.8344,67.71,34,0,3.44,US,1729019631
433,aioun,16.6614,-9.6149,96.24,20,10,6.24,MR,1729019632
434,hami,42.8,93.45,61.47,27,10,9.66,CN,1729019633
435,erbil,36.1926,44.0106,73.22,33,0,1.14,IQ,1729019634
436,katsuura,35.1333,140.3,74.05,77,73,13.87,JP,1729019635
437,makaha,21.4694,-158.2175,84.11,73,75,6.91,US,1729019636
438,nogliki,51.8333,143.1667,44.62,96,100,19.62,RU,1729019637
439,mount gambier,-37.8333,140.7667,58.15,79,41,7.38,AU,1729019638
440,bakchar,57.0186,82.0711,28.92,89,44,4.34,RU,1729019640
441,egilsstadir,65.2653,-14.3948,37.31,100,100,0.0,IS,1729019642
442,nantucket,41.2835,-70.0995,55.51,50,20,17.27,US,1729019487
443,colonia del sacramento,-34.4667,-57.85,73.53,64,20,2.3,UY,1729019644
444,vega de alatorre,20.0333,-96.6333,82.81,58,99,10.38,MX,1729019645
445,kakunodatemachi,39.5833,140.5667,62.8,99,100,4.59,JP,1729019646
446,kencong,-8.2833,113.3667,73.87,77,100,2.28,ID,1729019647
447,ko lanta,7.5336,99.0865,81.19,76,100,8.9,TH,1729019648
448,trincomalee,8.5711,81.2335,79.11,86,100,15.68,LK,1729019520
449,al jahra',29.3375,47.6581,83.1,38,0,7.65,KW,1729019357
450,nanakuli,21.3906,-158.1547,84.15,64,0,10.36,US,1729019651
451,mejit,10.2753,170.8646,83.8,80,95,16.46,MH,1729019652
452,tutong,4.8,114.65,75.74,96,100,6.64,BN,1729019653
453,port saint john's,-31.6229,29.5448,61.11,64,98,6.31,ZA,1729019654
454,ambon,-3.6954,128.1814,85.23,100,40,2.3,ID,1729019655
455,geita,-2.8708,32.2341,69.57,67,7,2.64,TZ,1729019656
456,antsirabe,-19.85,47.0333,58.39,66,0,6.02,MG,1729019657
457,kone,-21.0595,164.8658,70.16,83,100,3.78,NC,1729019658
458,usinsk,65.9939,57.5281,30.22,80,100,17.74,RU,1729019659
459,orcopampa,-15.2661,-72.3417,61.83,29,97,7.49,PE,1729019661
460,mount isa,-20.7333,139.5,64.17,82,0,5.75,AU,1729019662
461,palmas,-10.2128,-48.3603,80.47,74,40,4.61,BR,1729019642
462,bel ombre,-4.6167,55.4167,82.24,78,20,5.75,SC,1729019664
463,camapua,-19.5314,-54.0439,83.26,54,100,18.19,BR,1729019665
464,broome,42.2506,-75.833,49.69,68,100,5.99,US,1729019666
465,san patricio,28.017,-97.5169,91.35,27,0,4.03,US,1729019667
466,glace bay,46.1969,-59.957,60.85,67,75,23.02,CA,1729019668
467,sun city west,33.662,-112.3413,92.91,20,0,5.01,US,1729019669
468,mount pearl,47.5166,-52.7813,64.33,94,100,8.99,CA,1729019499
469,pimampiro,0.4,-77.9667,71.35,54,100,8.3,EC,1729019671
470,hlinsko,49.7621,15.9076,39.87,86,3,5.39,CZ,1729019672
471,coquimbo,-29.9533,-71.3436,62.98,65,75,13.8,CL,1729019673
472,yanam,16.7333,82.2167,77.86,95,100,6.6,IN,1729019674
473,tosontsengel,48.7567,98.2839,23.85,98,99,1.3,MN,1729019675
474,monrovia,6.3005,-10.7969,78.42,82,91,9.28,LR,1729019665
475,hilo,19.7297,-155.09,81.09,78,100,4.61,US,1729019677
476,ventspils,57.3894,21.5606,48.13,61,20,11.5,LV,1729019678
477,altamira,-3.2033,-52.2064,91.49,52,20,6.91,BR,1729019679
478,yarkovo,57.4028,67.0786,32.88,70,5,3.91,RU,1729019681
479,thunder bay,48.4001,-89.3168,48.18,43,20,10.36,CA,1729019682
480,opuwo,-18.0607,13.84,72.18,50,6,11.88,NA,1729019683
481,ta`u,-14.2336,-169.5144,80.17,70,79,18.86,AS,1729019684
482,prince albert,53.2001,-105.7677,51.75,50,75,3.44,CA,1729019685
483,ciudad lazaro cardenas,17.9583,-102.2,85.14,70,7,6.44,MX,1729019686
484,arboga,59.3939,15.8388,40.41,82,4,5.7,SE,1729019687
485,touros,-5.1989,-35.4608,80.65,64,100,13.82,BR,1729019688
486,bhamo,24.2667,97.2333,69.03,99,39,0.76,MM,1729019689
487,poyarkovo,49.6,128.6833,30.24,51,23,6.98,RU,1729019690
488,ballina,-28.8667,153.5667,62.64,78,43,4.76,AU,1729019691
489,vila velha,-20.3297,-40.2925,76.95,76,20,10.36,BR,1729019584
490,dauphin,51.1494,-100.0502,51.94,43,0,19.57,CA,1729019694
491,preobrazheniye,42.9019,133.9064,42.48,65,0,7.54,RU,1729019695
492,bizerte,37.2744,9.8739,80.6,69,20,10.36,TN,1729019696
493,ringkobing,56.0901,8.244,44.58,81,31,5.75,DK,1729019697
494,port alfred,-33.5906,26.891,62.19,71,2,8.01,ZA,1729019698
495,manggar,-2.8833,108.2667,80.64,77,99,2.42,ID,1729019699
496,goz beida,13.95,20.55,92.52,19,88,3.02,TD,1729019700
497,pariaman,-0.619,100.12,78.85,81,100,6.96,ID,1729019701
498,fort mcmurray,56.7268,-111.381,58.59,47,100,10.36,CA,1729019479
499,mossel bay,-34.1831,22.146,57.13,73,0,28.99,ZA,1729019663
500,tabou,4.423,-7.3528,77.31,89,100,7.52,CI,1729019704
501,praia,14.9215,-23.5087,79.34,78,20,9.22,CV,1729019706
502,dzhalagash,45.0833,64.6667,39.27,74,92,7.34,KZ,1729019707
503,taro,-8.3862,115.28,64.4,81,100,0.18,ID,1729019708
504,alofi,-19.0595,-169.9187,78.69,78,34,9.22,NU,1729019709
505,pico truncado,-46.7949,-67.9573,71.01,20,12,27.63,AR,1729019710
506,tamanrasset,22.785,5.5228,80.51,19,40,5.75,DZ,1729019711
507,palmares do sul,-30.2578,-50.5097,65.5,90,100,7.52,BR,1729019712
508,darwin,-12.4611,130.8418,81.9,85,100,8.05,AU,1729019680
509,cristalina,-16.7686,-47.6136,66.96,87,100,9.1,BR,1729019714
510,nishinoomote,30.7333,131.0,78.89,83,26,18.07,JP,1729019715
511,christchurch,-43.5333,172.6333,43.32,88,62,1.99,NZ,1729019716
512,queenstown,-31.8976,26.8753,43.39,84,13,10.65,ZA,1729019718
513,lazarevskoye,43.9061,39.3331,58.57,71,7,4.14,RU,1729019719
514,inarajan village,13.2736,144.7484,81.0,93,100,2.82,GU,1729019720
515,keflavik,64.0049,-22.5624,45.03,93,75,8.05,IS,1729019721
516,papao,-17.75,-149.55,80.28,75,46,4.92,PF,1729019722
517,elmali,36.7358,29.9177,62.53,79,5,1.57,TR,1729019723
518,kilindoni,-7.9139,39.6668,78.37,75,57,12.03,TZ,1729019724
519,shinkafi,13.0753,6.5105,88.66,38,99,6.46,NG,1729019725
520,taytay,14.5678,121.1394,80.91,92,75,4.61,PH,1729019726
521,misratah,32.3754,15.0925,74.84,67,0,9.82,LY,1729019727
522,obo,5.3998,26.4869,70.48,95,100,2.82,CF,1729019729
523,eastham,41.8301,-69.9739,57.22,61,40,12.66,US,1729019730
524,sorochinsk,52.4338,53.1583,39.49,35,3,4.34,RU,1729019731
525,riverton,40.5219,-111.9391,79.65,32,0,10.0,US,1729019678
526,vermillion,42.7794,-96.9292,54.61,24,0,8.48,US,1729019733
527,las tablas,7.7667,-80.2833,77.18,99,100,5.64,PA,1729019734
528,tionk essil,12.7856,-16.5217,79.09,81,99,4.36,SN,1729019735
529,ghat,24.9647,10.1728,90.46,14,5,8.68,LY,1729019736
530,buinsk,54.95,48.2833,43.9,34,100,10.33,RU,1729019737
531,nikolayevsk-on-amure,53.1406,140.73,37.81,97,100,4.76,RU,1729019738
532,kurchatov,51.6601,35.6521,45.68,89,99,4.81,RU,1729019739
533,kumi,36.1136,128.336,62.15,97,100,3.24,KR,1729019741
534,san felipe,10.3399,-68.7425,91.24,40,100,6.82,VE,1729019742
535,bardai,11.65,7.2333,78.98,57,100,3.22,NG,1729019743
536,le vauclin,14.5452,-60.8388,87.85,66,40,16.11,MQ,1729019744
537,baise city,23.8997,106.6133,70.34,94,70,0.38,CN,1729019745
538,ghadamis,30.1337,9.5007,85.82,17,0,12.26,LY,1729019746
539,bafra,41.5678,35.9069,62.13,80,81,2.19,TR,1729019747
540,palmerston north,-40.35,175.6167,40.75,93,7,2.1,NZ,1729019748
541,happy valley-goose bay,53.3168,-60.3315,37.71,93,100,19.57,CA,1729019749
542,stornoway,58.2093,-6.3865,54.09,79,100,8.05,GB,1729019750
543,buzuluk,52.7807,52.2635,39.45,36,94,6.35,RU,1729019751
544,santiago papasquiaro,25.046,-105.4208,78.33,29,11,6.08,MX,1729019753
545,murun-kuren,49.6342,100.1625,31.78,75,0,4.72,MN,1729019755
546,kruisfontein,-34.0033,24.7314,54.23,63,0,17.31,ZA,1729019756
547,puerto aysen,-45.4,-72.7,57.88,69,94,4.32,CL,1729019689
548,villa berthet,-27.2917,-60.4126,79.39,79,100,9.35,AR,1729019758
549,nejo,9.5,35.5,57.61,91,100,0.47,ET,1729019760
550,blackwater,-23.5833,148.8833,62.89,93,4,9.51,AU,1729019761
551,camiri,-20.05,-63.5167,100.18,23,0,4.61,BO,1729019762
552,trat,12.5,102.5,76.33,94,100,1.9,TH,1729019763
553,ancud,-41.8697,-73.8203,57.16,57,100,3.4,CL,1729019764
554,cooper's town,26.8667,-77.5167,80.49,54,100,4.25,BS,1729019474
555,princeville,45.7668,-61.2985,59.32,64,40,10.36,CA,1729019766
556,lazaro cardenas,17.9583,-102.2,85.14,70,7,6.44,MX,1729019686
557,temiskaming shores,47.4938,-79.7153,44.4,81,100,15.03,CA,1729019534
558,chibougamau,49.9168,-74.3659,42.42,56,100,18.41,CA,1729019769
559,torghay,49.6339,63.4981,33.22,65,0,9.69,KZ,1729019771
560,boyolangu,-8.1181,111.8935,72.37,91,100,2.42,ID,1729019773
561,kalemie,-5.9475,29.1947,75.69,71,92,3.22,CD,1729019774
562,lebu,-37.6167,-73.65,57.27,64,100,6.96,CL,1729019775
563,la gi,10.6667,107.7833,79.23,85,100,4.61,VN,1729019776
564,taoudenni,22.6783,-3.9836,97.5,12,6,6.82,ML,1729019777
565,vesele,47.0148,34.915,52.5,53,100,3.38,UA,1729019778
566,nova russas,-4.7067,-40.5631,99.41,22,76,5.82,BR,1729019779
567,suizhou,31.7111,113.3631,67.69,82,52,3.4,CN,1729019780
568,cam ranh,11.9214,109.1591,80.56,83,75,3.44,VN,1729019781
569,jirja,26.3383,31.8916,84.83,40,0,12.37,EG,1729019601
570,kapa'a,22.0752,-159.319,82.72,83,20,16.11,US,1729019783
571,blythe,33.6103,-114.5964,86.45,30,0,0.0,US,1729019785
572,airuk,7.2772,168.8203,84.69,75,56,14.38,MH,1729019786
573,dakhla,23.6848,-15.958,71.62,78,0,9.22,EH,1729019787
574,ardestan,33.3761,52.3694,71.28,30,0,1.95,IR,1729019788
575,pionerskiy,54.9508,20.2275,48.04,57,100,10.78,RU,1729019789
576,prince george,53.9166,-122.753,40.44,100,100,5.75,CA,1729019509
577,sao gabriel da cachoeira,-0.1303,-67.0892,91.2,58,20,4.61,BR,1729019792
578,as sulayyil,20.4607,45.5779,82.81,19,8,9.08,SA,1729019793
579,courtenay,49.6866,-124.9936,55.6,76,40,6.91,CA,1729019794
580,brisas de zicatela,15.8369,-97.0419,86.52,70,0,5.75,MX,1729019795
581,mil'kovo,55.6078,37.7956,46.35,56,100,4.32,RU,1729019796
582,slavgorod,52.9978,78.6449,32.58,59,87,0.67,RU,1729019797
583,pilibhit,28.6333,79.8,68.45,67,0,2.95,IN,1729019550
584,quatre cocos,-20.2078,57.7625,74.08,78,29,9.84,MU,1729019799
585,villa gesell,-37.2639,-56.973,62.19,87,31,11.43,AR,1729019800
586,djambala,-2.5447,14.7533,69.57,92,100,1.88,CG,1729019801
